{
  "description": "Separation witness search: EML vs PLI reachable values",
  "seed_pool": {
    "1": 1.0,
    "gamma": 0.5772156649015329,
    "glaisher": 1.2824271291006226
  },
  "by_k": {
    "1": {
      "eml_count": 3,
      "pli_count": 3,
      "intersection": 3,
      "eml_only": 0,
      "pli_only": 0,
      "eml_only_values": [],
      "pli_only_values": []
    },
    "2": {
      "eml_count": 0,
      "pli_count": 0,
      "intersection": 0,
      "eml_only": 0,
      "pli_only": 0,
      "eml_only_values": [],
      "pli_only_values": []
    },
    "3": {
      "eml_count": 9,
      "pli_count": 7,
      "intersection": 0,
      "eml_only": 9,
      "pli_only": 7,
      "eml_only_values": [
        "(1.532317941+0j)",
        "(1.7810724180000002+0j)",
        "(2.3306117310000003+0j)",
        "(2.4695273514+0j)",
        "(2.7182818285+0j)",
        "(3.2678211414000002+0j)",
        "(3.3566253599+0j)",
        "(3.6053798369+0j)",
        "(4.1549191499+0j)"
      ],
      "pli_only_values": [
        "(-0.549539313+0j)",
        "(-0.482814574+0.4000033401j)",
        "0j",
        "(0.0897843116+0j)",
        "(0.23644790170000002-0.264064171j)",
        "(0.248754477+0j)",
        "(0.3379398697+0j)"
      ]
    },
    "4": {
      "eml_count": 0,
      "pli_count": 0,
      "intersection": 0,
      "eml_only": 0,
      "pli_only": 0,
      "eml_only_values": [],
      "pli_only_values": []
    },
    "5": {
      "eml_count": 93,
      "pli_count": 74,
      "intersection": 3,
      "eml_only": 90,
      "pli_only": 71,
      "eml_only_values": [
        "(0.3195800911+0.24029023900000002j)",
        "(0.3284611879+0j)",
        "(0.35677944840000003+0j)",
        "(0.49864528890000004+0j)",
        "(0.5683345681+0.24029023900000002j)",
        "(0.5701363059+0j)",
        "(0.5969489728+0j)",
        "(0.751245523+0j)",
        "(0.781072418+0j)",
        "(0.8451838314000001+0j)",
        "(0.8770456414000001+0j)",
        "(0.9349416394000001+0j)",
        "(0.9740782478000001-0.33062713720000003j)",
        "(1.0336726520000001+0j)",
        "(1.0939383085+0j)",
        "(1.1178738811+0.24029023900000002j)",
        "(1.1267549779000001+0j)",
        "(1.1533017178+0j)",
        "(1.2038567531+0j)",
        "(1.2228327249-0.33062713720000003j)"
      ],
      "pli_only_values": [
        "(-50.7105341481+5.4823348639j)",
        "(-7.460815390800001+0.7035917082j)",
        "(-4.8486913484+0.4572555209j)",
        "(-2.4103450227+0j)",
        "(-1.5291720125000001+1.2668919821j)",
        "(-1.3912889051000001+0j)",
        "(-1.0848872996+0j)",
        "(-1.0371772648-0.8405183032j)",
        "(-0.9962185481+0.8253494575j)",
        "(-0.8205665629000001+0.6798248927j)",
        "(-0.7169394961000001+1.4856924503j)",
        "(-0.5986749645+3.1415926536j)",
        "(-0.4668296162+2.449724107j)",
        "(-0.4270372656-1.1776594896j)",
        "(-0.3120878778+0.6003056199j)",
        "(-0.1686688244+0.021789114800000002j)",
        "(-0.1371061176+0.7012514255000001j)",
        "(-0.0712042583-0.0157276022j)",
        "(-0.001153774-0.0005332306j)",
        "(-2.55913e-05-0.0004388397j)"
      ]
    },
    "6": {
      "eml_count": 0,
      "pli_count": 0,
      "intersection": 0,
      "eml_only": 0,
      "pli_only": 0,
      "eml_only_values": [],
      "pli_only_values": []
    },
    "7": {
      "eml_count": 1183,
      "pli_count": 1003,
      "intersection": 17,
      "eml_only": 1166,
      "pli_only": 986,
      "eml_only_values": [
        "(-67.2060342969+7.000000000000001e-10j)",
        "(-66.95727981990001+7.000000000000001e-10j)",
        "(-66.4077405069+7.000000000000001e-10j)",
        "(-45.44059113-37.440637835000004j)",
        "(-45.191836653-37.440637835000004j)",
        "(-44.64229734-37.440637835000004j)",
        "(-27.8250568133+3e-10j)",
        "(-27.5763023362+3e-10j)",
        "(-27.026763023300003+3e-10j)",
        "(-20.8087183504+5.886947335j)",
        "(-20.5599638734+5.886947335j)",
        "(-20.0104245604+5.886947335j)",
        "(-18.8609763915-15.419896857800001j)",
        "(-18.6122219145-15.419896857800001j)",
        "(-18.0626826015-15.419896857800001j)",
        "(-11.050928178100001+1e-10j)",
        "(-10.802173701100001+1e-10j)",
        "(-10.2526343881+1e-10j)",
        "(-7.5395236169-6.0402733573j)",
        "(-7.2907691398-6.0402733573j)"
      ],
      "pli_only_values": [
        "(-69367482.30574971+101985943.99155073j)",
        "(-16348.8209432006-7555.8052010201j)",
        "(-192.92866227570002+234.2641772746j)",
        "(-35.9184216016-16.6001326758j)",
        "(-16.9747322411+20.5252469124j)",
        "(-16.121311251-19.0792233778j)",
        "(-15.4959075593+0j)",
        "(-15.4165846161+15.8660592793j)",
        "(-13.5098817083+5.588242845j)",
        "(-13.3973566027+1.7307083434000001j)",
        "(-12.6867210231+4.4663766293j)",
        "(-12.0981446069+34.6087477723j)",
        "(-10.5944625895+2.2901891093j)",
        "(-8.0689390799+14.161048670000001j)",
        "(-7.7296788765-1.6290461827j)",
        "(-7.6687306959-4.1949462870000005j)",
        "(-7.2869845765+0.19988177570000001j)",
        "(-7.0935836882+7.9925138861j)",
        "(-6.6679239526-2.7086708891j)",
        "(-6.5255795592000005+5.4063273159000005j)"
      ]
    }
  },
  "cumulative": {
    "eml_total": 1273,
    "pli_total": 1075,
    "intersection": 19,
    "eml_only": 1254,
    "pli_only": 1056,
    "eml_only_sample": [
      "(-67.2060342969+7.000000000000001e-10j)",
      "(-66.95727981990001+7.000000000000001e-10j)",
      "(-66.4077405069+7.000000000000001e-10j)",
      "(-45.44059113-37.440637835000004j)",
      "(-45.191836653-37.440637835000004j)",
      "(-44.64229734-37.440637835000004j)",
      "(-27.8250568133+3e-10j)",
      "(-27.5763023362+3e-10j)",
      "(-27.026763023300003+3e-10j)",
      "(-20.8087183504+5.886947335j)",
      "(-20.5599638734+5.886947335j)",
      "(-20.0104245604+5.886947335j)",
      "(-18.8609763915-15.419896857800001j)",
      "(-18.6122219145-15.419896857800001j)",
      "(-18.0626826015-15.419896857800001j)",
      "(-11.050928178100001+1e-10j)",
      "(-10.802173701100001+1e-10j)",
      "(-10.2526343881+1e-10j)",
      "(-7.5395236169-6.0402733573j)",
      "(-7.2907691398-6.0402733573j)",
      "(-6.741229826800001-6.0402733573j)",
      "-2.3824304421",
      "-2.3738467319",
      "-2.3699368721000003",
      "(-2.1508712841-3.033900542j)",
      "-1.8391318873",
      "-1.8243074189000001",
      "-1.8175240334",
      "-1.5945247493",
      "-1.5755529419"
    ],
    "pli_only_sample": [
      "(-69367482.30574971+101985943.99155073j)",
      "(-16348.8209432006-7555.8052010201j)",
      "(-192.92866227570002+234.2641772746j)",
      "(-50.7105341481+5.4823348639j)",
      "(-35.9184216016-16.6001326758j)",
      "(-16.9747322411+20.5252469124j)",
      "(-16.121311251-19.0792233778j)",
      "-15.4959075593",
      "(-15.4165846161+15.8660592793j)",
      "(-13.5098817083+5.588242845j)",
      "(-13.3973566027+1.7307083434000001j)",
      "(-12.6867210231+4.4663766293j)",
      "(-12.0981446069+34.6087477723j)",
      "(-10.5944625895+2.2901891093j)",
      "(-8.0689390799+14.161048670000001j)",
      "(-7.7296788765-1.6290461827j)",
      "(-7.6687306959-4.1949462870000005j)",
      "(-7.460815390800001+0.7035917082j)",
      "(-7.2869845765+0.19988177570000001j)",
      "(-7.0935836882+7.9925138861j)",
      "(-6.6679239526-2.7086708891j)",
      "(-6.5255795592000005+5.4063273159000005j)",
      "(-6.4976192278000005+3.2612627712j)",
      "(-6.047109674800001+4.1521680768j)",
      "-5.5930205628000005",
      "(-4.8624264905+6.043791062j)",
      "(-4.8486913484+0.4572555209j)",
      "(-4.222722113300001+2.119454209j)",
      "-4.1169717716",
      "(-3.9299415449+2.6984425127000002j)"
    ]
  }
}